,State,Males 19 and Under,Males 20-24,Males 25-29,Males 30-34,Males 35-39,Males 40-44,Males 45-49,Males 50-54,Males 55-59,Males 60-64,Males 65-69,Males 70-74,Males 75-79,Males 80-84,Males 85 and Over,Total Licensed Male Drivers (Table DL-22),Males under 16,Males 16,Males 17,Males 18,Males 19,Males 20,Males 21,Males 22,Males 23,Males 24,Females 19 and Under,Females 20-24,Females 25-29,Females 30-34,Females 35-39,Females 40-44,Females 45-49,Females 50-54,Females 55-59,Females 60-64,Females 65-69,Females 70-74,Females 75-79,Females 80-84,Females 85 and Over,Total Licensed Female Drivers (Table DL-22),Females under 16,Females 16,Females 17,Females 18,Females 19,Females 20,Females 21,Females 22,Females 23,Females 24,Total 19 and Under,Total 20-24,Total 25-29,Total 30-34,Total 35-39,Total 40-44,Total 45-49,Total 50-54,Total 55-59,Total 60-64,Total 65-69,Total 70-74,Total 75-79,Total 80-84,Total 85 and Over,Total Licensed Drivers (Table DL-22),Total under 16,Total 16,Total 17,Total 18,Total 19,Total 20,Total 21,Total 22,Total 23,Total 24,Licensed Male Drivers (Table DL-1C),Percent Male Drivers of Total,Licensed Female Drivers (Table DL-1C),Percent Female Drivers of Total,Total Licensed Drivers (Table DL-1C),Ratio of Licensed Drivers to Private and Commercial Motor Vehicles Registered,Total Resident Population,Male Driving Age Population (16 and Over),Female Driving Age Population (16 and Over),Total Driving Age Population (16 and Over),Drivers Per 1000 Total Resident Population,Drivers per 1000 Driving Age Population
0,Alabama,108101,168232.0,165330,152778,142642,153246,152732,167362,162836,143788,125217,92183,65310,45943,41323,1887023.0,0,23594,26233,28437,29837,31674,33078,33815,34241,35424.0,105307,165240.0,170609,161729,153486,160259,159202,176291,172804,154558,133669,99983,74355,53993,53034,1994519.0,0,23274,25911,27316,28806,30735,32036,33051,34094,35324.0,213408,333472.0,335939,314507,296128,313505,311934,343653,335640,298346,258886,192166,139665,99936,94357,3881542.0,0,46868,52144,55753,58643,62409,65114,66866,68335,70748.0,1887023.0,48.62,1994519.0,51.38,3881542.0,0.7294883769881467,4849377,1850520,2018569,3869089,800.4207550784358,1003.2185871144344
1,Alaska,9893,22632.0,28185,27590,22809,21394,20951,23795,24005,19693,13396,8012,4187,2417,1786,250745.0,0,1268,2165,2916,3544,3959,3859,4379,4933,5502.0,10770,24971.0,30767,30020,24937,23371,23318,26416,26395,23294,16561,10048,4203,2911,3017,280999.0,0,1371,2320,3135,3944,4360,4257,4849,5445,6060.0,20663,47603.0,58952,57610,47746,44765,44269,50211,50400,42987,29957,18060,8390,5328,4803,531744.0,0,2639,4485,6051,7488,8319,8116,9228,10378,11562.0,250745.0,47.16,280999.0,52.84,531744.0,0.6775657975048828,736732,301326,268918,570244,721.7604230575025,932.4850414910109
2,Arizona,86800,190765.0,214721,230400,226520,236581,226224,232476,215084,190143,145608,106854,72653,46453,32383,2453665.0,0,10261,18893,26465,31181,34064,36645,38348,40481,41227.0,80630,183501.0,212098,227610,217635,221187,212470,227927,220860,200558,153297,112286,74492,47629,35956,2428136.0,0,9907,17803,24280,28640,32131,34813,36996,39111,40450.0,167430,374266.0,426819,458010,444155,457768,438694,460403,435944,390701,298905,219140,147145,94082,68339,4881801.0,0,20168,36696,50745,59821,66195,71458,75344,79592,81677.0,2453665.0,50.26,2428136.0,49.74,4881801.0,0.8843397698664273,6731484,2609768,2681353,5291121,725.21913444346,922.6402117812086
3,Arkansas,41944,88496.0,88882,87503,83362,85781,85243,95108,90627,81802,72868,55075,38275,24773,19135,1038874.0,0,5288,9690,12210,14756,16325,17614,17302,18230,19025.0,40799,87055.0,90468,89899,84979,86465,85695,97616,94759,86528,77374,58868,41720,28160,22614,1072999.0,0,5237,9355,12120,14087,15663,16911,17395,17973,19113.0,82743,175551.0,179350,177402,168341,172246,170938,192724,185386,168330,150242,113943,79995,52933,41749,2111873.0,0,10525,19045,24330,28843,31988,34525,34697,36203,38138.0,1038874.0,49.19,1072999.0,50.81,2111873.0,0.7737768406242614,2966369,1136553,1202216,2338769,711.9387372238584,902.9848608391851
4,California,451549,1191309.0,1220965,1180988,1069849,1115486,1170370,1230526,1134255,940319,735602,475477,305385,196036,144098,12562214.0,0,33312,79717,143499,195021,214289,233646,243600,247281,252493.0,414348,1121941.0,1197632,1174187,1070204,1103654,1117697,1182180,1101591,926379,726612,470745,299963,192425,151574,12251132.0,0,35376,76235,129648,173089,197302,210647,228685,238825,246482.0,865897,2313250.0,2418597,2355175,2140053,2219140,2288067,2412706,2235846,1866698,1462214,946222,605348,388461,295672,24813346.0,0,68688,155952,273147,368110,411591,444293,472285,486106,498975.0,12562214.0,50.63,12251132.0,49.37,24813346.0,0.8879870727089265,38802500,15129276,15565575,30694851,639.4780233232394,808.3878954160748
5,Colorado,76805,155179.0,187790,191762,176195,178830,173833,188009,184646,160489,125734,76450,49754,33238,28054,1986768.0,0,9128,17498,23448,26731,28368,27376,30829,32999,35607.0,73973,148595.0,177833,179440,162898,161439,159978,178778,176912,155870,124032,69674,48368,35889,42915,1896594.0,0,9315,17162,22315,25181,26998,26286,29504,31752,34055.0,150778,303774.0,365623,371202,339093,340269,333811,366787,361558,316359,249766,146124,98122,69127,70969,3883362.0,0,18443,34660,45763,51912,55366,53662,60333,64751,69662.0,1986768.0,51.16,1896594.0,48.84,3883362.0,0.815284947333681,5355866,2121402,2122655,4244057,725.0670573162212,915.0117446584718
6,Connecticut,45178,101485.0,107861,99230,94541,102306,118495,130561,124861,101998,81967,57173,37172,26638,24743,1254209.0,0,3174,10355,14780,16869,18619,19766,20404,21330,21366.0,44173,96715.0,104345,97812,95409,104304,122069,133751,127673,104889,87437,62602,42872,32183,32145,1288379.0,0,3400,10421,14241,16111,17764,19037,19014,20527,20373.0,89351,198200.0,212206,197042,189950,206610,240564,264312,252534,206887,169404,119775,80044,58821,56888,2542588.0,0,6574,20776,29021,32980,36383,38803,39418,41857,41739.0,1254209.0,49.33,1288379.0,50.67,2542588.0,0.8999703028927956,3596677,1408386,1510604,2918990,706.9269773182302,871.0506031195722
7,Delaware,17443,30329.0,31404,30547,26666,28455,30205,32644,30943,26872,24461,18252,12457,8592,6972,356242.0,0,3401,4266,4664,5112,5588,5884,5932,6371,6554.0,18048,30155.0,32738,31363,28360,29765,31967,34496,33395,29674,26847,19714,13118,9023,7444,376107.0,0,3569,4558,4735,5186,5532,5743,5955,6314,6611.0,35491,60484.0,64142,61910,55026,58220,62172,67140,64338,56546,51308,37966,25575,17615,14416,732349.0,0,6970,8824,9399,10298,11120,11627,11887,12685,13165.0,356242.0,48.64,376107.0,51.36,732349.0,0.7681050569416537,935614,360500,393480,753980,782.7469447870596,971.3109101037163
8,Dist. of Col.,346,6593.0,24942,35162,28738,21393,18100,16572,14297,12146,10222,6959,4415,2888,2660,205433.0,0,0,0,87,259,425,701,1151,1814,2502.0,103,7204.0,30642,39804,29114,19879,16000,14238,13620,13248,11898,7798,4874,3081,2960,214463.0,0,0,1,77,25,431,592,1215,1970,2996.0,449,13797.0,55584,74966,57852,41272,34100,30810,27917,25394,22120,14757,9289,5969,5620,419896.0,0,0,1,164,284,856,1293,2366,3784,5498.0,205433.0,48.92,214463.0,51.08,419896.0,1.3354746408052756,658893,259696,294404,554100,637.2749444902282,757.7982313661794
9,Florida,227065,515189.0,546699,527079,505778,563181,600028,661050,612003,545107,509190,393777,274742,181371,139342,6801601.0,2,22834,45584,71415,87230,94252,100434,103189,105909,111405.0,218447,506609.0,564773,555941,534331,581674,610508,683005,651716,593813,541807,414171,287820,192864,159267,7096746.0,0,23558,45286,67628,81975,90761,95841,101615,105613,112779.0,445512,1021798.0,1111472,1083020,1040109,1144855,1210536,1344055,1263719,1138920,1050997,807948,562562,374235,298609,13898347.0,2,46392,90870,139043,169205,185013,196275,204804,211522,224184.0,6801601.0,48.94,7096746.0,51.06,13898347.0,0.9123069018842953,19893297,7893617,8416529,16310146,698.64472440139,852.1289141127247
10,Georgia,139061,277488.0,272222,270355,265572,301546,303912,311105,280969,237824,194388,132211,83574,50449,33441,3154117.0,0,15877,30405,42895,49884,53116,55516,56386,55577,56893.0,134458,288511.0,304599,314181,308909,337895,331147,340027,309531,266969,217600,146089,95442,59514,41445,3496317.0,0,16454,29626,40494,47884,52110,55635,58961,59859,61946.0,273519,565999.0,576821,584536,574481,639441,635059,651132,590500,504793,411988,278300,179016,109963,74886,6650434.0,0,32331,60031,83389,97768,105226,111151,115347,115436,118839.0,3154117.0,47.43,3496317.0,52.57,6650434.0,0.8306800977415595,10097343,3797487,4082599,7880086,658.6320777654082,843.9544949128727
11,Hawaii,12113,35094.0,38032,42315,39571,40987,41269,44991,44570,41943,35463,23172,12934,8622,6832,467908.0,0,848,2347,3870,5048,6079,6758,7105,7233,7919.0,10994,30810.0,35477,40866,37629,38635,39182,41854,42412,38913,31721,20432,11986,8288,5532,434731.0,0,849,2172,3511,4462,5342,5806,6114,6454,7094.0,23107,65904.0,73509,83181,77200,79622,80451,86845,86982,80856,67184,43604,24920,16910,12364,902639.0,0,1697,4519,7381,9510,11421,12564,13219,13687,15013.0,467908.0,51.84,434731.0,48.16,902639.0,0.6588562556888312,1419561,576172,566710,1142882,635.857846193295,789.7919470251522
12,Idaho,32175,49882.0,48732,49887,47715,45615,44596,49170,49178,45955,39110,27907,18374,10870,7497,566663.0,1511,5004,7555,8563,9542,9817,9183,10012,10326,10544.0,30720,48759.0,47278,49232,46797,44626,44008,49395,50320,46633,38785,27581,18075,11372,8253,561834.0,1371,4756,7090,8255,9248,9488,8959,9773,10159,10380.0,62895,98641.0,96010,99119,94512,90241,88604,98565,99498,92588,77895,55488,36449,22242,15750,1128497.0,2882,9760,14645,16818,18790,19305,18142,19785,20485,20924.0,566663.0,50.21,561834.0,49.79,1128497.0,0.6439086988102636,1634464,622041,628189,1250230,690.4385780292499,902.6315158010926
13,Illinois,207287,351541.0,360823,363130,345448,349274,358748,389316,378917,326341,259039,180927,120745,65467,60719,4117722.0,0,30665,49328,60684,66610,68451,65754,70191,72152,74993.0,203984,349632.0,366899,374813,356511,361448,369569,405954,396055,338788,272410,195636,129623,59094,75427,4255843.0,0,31893,49044,58881,64166,67154,65185,69639,72553,75101.0,411271,701173.0,727722,737943,701959,710722,728317,795270,774972,665129,531449,376563,250368,124561,136146,8373565.0,0,62558,98372,119565,130776,135605,130939,139830,144705,150094.0,4117722.0,49.18,4255843.0,50.82,8373565.0,0.8133751109050963,12880580,4974169,5264047,10238216,650.0922318715462,817.8734459206564
14,Indiana,95518,198867.0,190943,186162,177883,188742,190931,210154,204263,174559,137427,95510,64049,39808,29055,2183871.0,0,6678,23462,30365,35013,37164,39517,39918,40740,41528.0,91583,190876.0,190821,188957,180859,191173,193777,217786,212760,184120,148721,107416,75097,50345,39937,2264228.0,0,6635,22801,29245,32902,35703,37526,37824,39616,40207.0,187101,389743.0,381764,375119,358742,379915,384708,427940,417023,358679,286148,202926,139146,90153,68992,4448099.0,0,13313,46263,59610,67915,72867,77043,77742,80356,81735.0,2183871.0,49.1,2264228.0,50.9,4448099.0,0.7413279641583906,6596855,2532561,2663154,5195715,674.2756965250866,856.1091206888754
15,Iowa,68054,94746.0,93632,92698,85159,83499,87876,100588,101786,92527,72189,50452,35941,24387,19737,1103271.0,0,16108,16692,17268,17986,18125,19146,19412,18750,19313.0,66189,94728.0,93740,92105,84581,82737,86812,102848,103322,92513,74351,54575,41375,30054,24749,1124679.0,0,15657,16219,16679,17634,18062,18812,19515,18985,19354.0,134243,189474.0,187372,184803,169740,166236,174688,203436,205108,185040,146540,105027,77316,54441,44486,2227950.0,0,31765,32911,33947,35620,36187,37958,38927,37735,38667.0,1103271.0,49.52,1124679.0,50.48,2227950.0,0.6265243400888684,3107126,1213806,1249101,2462907,717.0452694869794,904.6017571918062
16,Kansas,74313,88311.0,89523,86670,78434,75836,76722,89025,89726,79766,62999,42102,29248,20441,16702,999818.0,14257,12582,14301,16046,17127,17804,16332,17458,17901,18816.0,70829,85238.0,88057,86726,77648,76088,77088,92053,93447,82428,65135,46224,33562,25241,21689,1021453.0,13417,11971,13635,15342,16464,16998,15854,16892,17349,18145.0,145142,173549.0,177580,173396,156082,151924,153810,181078,183173,162194,128134,88326,62810,45682,38391,2021271.0,27674,24553,27936,31388,33591,34802,32186,34350,35250,36961.0,999818.0,49.46,1021453.0,50.54,2021271.0,0.8064783327408248,2904021,1117418,1142870,2260288,696.0249254395887,894.2537411161763
17,Kentucky,39737,121287.0,123852,127266,125350,133803,134587,146762,140924,123435,101658,69906,46356,28068,18944,1481935.0,0,8,6339,13826,19564,21889,22278,24582,25787,26751.0,38097,117620.0,124074,129298,126277,133639,136099,150803,147058,129217,106303,75599,51590,33241,24069,1522984.0,0,10,6184,13262,18641,20701,21585,23585,25364,26385.0,77834,238907.0,247926,256564,251627,267442,270686,297565,287982,252652,207961,145505,97946,61309,43013,3004919.0,0,18,12523,27088,38205,42590,43863,48167,51151,53136.0,1481935.0,49.32,1522984.0,50.68,3004919.0,0.7320075486048198,4413457,1712742,1801478,3514220,680.8538068910607,855.0742412256488
18,Louisiana,67860,128681.0,142070,149815,135902,134057,136340,148755,145912,125379,100435,69721,48093,31965,30765,1595750.0,0,11157,15505,19159,22039,23657,25126,26196,26438,27264.0,68130,131702.0,152297,160588,143410,140538,143801,158602,154700,134121,107503,78311,56464,40957,45756,1716880.0,0,11744,15661,18827,21898,23393,25231,26619,27589,28870.0,135990,260383.0,294367,310403,279312,274595,280141,307357,300612,259500,207938,148032,104557,72922,76521,3312630.0,0,22901,31166,37986,43937,47050,50357,52815,54027,56134.0,1595750.0,48.17,1716880.0,51.83,3312630.0,0.8715984000580955,4649676,1768061,1889623,3657684,712.4431895899843,905.6632557651235
19,Maine,18105,36543.0,39749,37388,35487,39343,43708,51034,51332,46561,40132,26471,17595,11704,8541,503693.0,0,2142,4416,5422,6125,6720,7225,7225,7480,7893.0,17905,35260.0,39213,37678,36044,39982,44691,52420,53494,48234,40453,28752,19111,12712,9276,515225.0,0,2155,4366,5471,5913,6412,6774,7178,7181,7715.0,36010,71803.0,78962,75066,71531,79325,88399,103454,104826,94795,80585,55223,36706,24416,17817,1018918.0,0,4297,8782,10893,12038,13132,13999,14403,14661,15608.0,503693.0,49.43,515225.0,50.57,1018918.0,0.8631840585284196,1330089,535061,568365,1103426,766.0524972389065,923.4130789015303
20,Maryland,62209,157682.0,192000,198246,180460,184650,194222,206518,187794,153058,122179,82388,53734,35390,28009,2038539.0,0,2913,13646,20591,25059,27271,29630,31137,33304,36340.0,59900,152388.0,186133,193335,178846,189384,203549,217623,198995,166344,132575,90958,59184,40470,34774,2104458.0,0,2905,13644,19860,23491,25896,28445,29929,32728,35390.0,122109,310070.0,378133,391581,359306,374034,397771,424141,386789,319402,254754,173346,112918,75860,62783,4142997.0,0,5818,27290,40451,48550,53167,58075,61066,66032,71730.0,2038539.0,49.2,2104458.0,50.8,4142997.0,1.0467238882877248,5976407,2285455,2493283,4778738,693.2253777227689,866.9646672405978
21,Massachusetts,83650,197128.0,216481,207285,189107,205695,223913,236610,217544,182011,146171,97943,65604,47454,41014,2357610.0,0,4583,20101,27127,31839,35251,36979,38900,41890,44108.0,81479,187272.0,216775,209119,190695,209278,228761,241432,224399,189978,153659,105260,71779,52748,45342,2407976.0,0,5069,20116,26319,29975,32373,34669,36873,40454,42903.0,165129,384400.0,433256,416404,379802,414973,452674,478042,441943,371989,299830,203203,137383,100202,86356,4765586.0,0,9652,40217,53446,61814,67624,71648,75773,82344,87011.0,2357610.0,49.47,2407976.0,50.53,4765586.0,0.9657252948705687,6745408,2645934,2876731,5522665,706.4933655606895,862.9141908842922
22,Michigan,170393,306667.0,289461,268087,255391,276637,296171,328767,328632,288832,233988,164993,109394,71830,58857,3448100.0,0,30362,39270,46753,54008,58486,56563,60723,63848,67047.0,157577,293257.0,286400,274114,267447,288899,308427,345775,350714,308510,250792,180135,124542,87465,74279,3598333.0,0,28110,36710,43224,49533,54005,54659,58048,61985,64560.0,327970,599924.0,575861,542201,522838,565536,604598,674542,679346,597342,484780,345128,233936,159295,133136,7046433.0,0,58472,75980,89977,103541,112491,111222,118771,125833,131607.0,3448100.0,48.93,3598333.0,51.07,7046433.0,0.8753202919982717,9909877,3868887,4087387,7956274,711.0515095192402,885.6448382748005
23,Minnesota,83162,123875.0,129691,137763,131354,131357,143751,168556,166721,145930,114360,80540,56066,39304,34400,1686830.0,0,13650,20827,23737,24948,23882,28161,25667,23400,22765.0,81611,113263.0,120750,132437,126100,127613,142532,169164,168001,145940,116494,83732,60371,43153,39477,1670638.0,0,14045,20407,23244,23915,23176,26698,23428,20461,19500.0,164773,237138.0,250441,270200,257454,258970,286283,337720,334722,291870,230854,164272,116437,82457,73877,3357468.0,0,27695,41234,46981,48863,47058,54859,49095,43861,42265.0,1686830.0,50.24,1670638.0,49.76,3357468.0,0.649548879535506,5457173,2129995,2187956,4317951,615.2394289131021,777.5604679163798
24,Mississippi,53325,81096.0,75114,73683,72619,76535,77916,87333,86818,77459,66209,45849,31958,19332,13749,938995.0,0,10338,12538,14702,15747,16215,16289,15845,16052,16695.0,53235,86072.0,84405,85076,82755,85891,85543,96301,95263,84483,70971,51011,36619,23704,17355,1038684.0,0,10532,12382,14521,15800,16659,17110,16635,17460,18208.0,106560,167168.0,159519,158759,155374,162426,163459,183634,182081,161942,137180,96860,68577,43036,31104,1977679.0,0,20870,24920,29223,31547,32874,33399,32480,33512,34903.0,938995.0,47.48,1038684.0,52.52,1977679.0,0.9639390270531627,2994079,1122269,1221747,2344016,660.529999375434,843.7139507580152
25,Missouri,102172,180205.0,191875,187273,168885,170948,174082,200771,192020,164012,134585,98375,65819,42428,29979,2103429.0,0,16694,24948,28641,31889,34024,35730,35913,36694,37844.0,97691,176449.0,191533,190897,172157,174587,179430,209871,203925,176987,147091,109780,74561,50141,36695,2191795.0,0,16401,23670,27657,29963,32268,34612,35256,36656,37657.0,199863,356654.0,383408,378170,341042,345535,353512,410642,395945,340999,281676,208155,140380,92569,66674,4295224.0,0,33095,48618,56298,61852,66292,70342,71169,73350,75501.0,2103429.0,48.97,2191795.0,51.03,4295224.0,0.8137361192516712,6063589,2342500,2486668,4829168,708.3633142021995,889.4335421753809
26,Montana,18712,29637.0,34011,33180,30375,28836,28908,35150,37491,36457,30358,21201,13279,8168,4773,390536.0,1103,3193,4184,4961,5271,5569,5426,5878,6253,6511.0,17861,28220.0,32273,31170,28186,27120,28189,35512,38651,35853,28117,20088,13180,8560,5187,378167.0,1102,3133,4065,4546,5015,5248,5118,5658,5978,6218.0,36573,57857.0,66284,64350,58561,55956,57097,70662,76142,72310,58475,41289,26459,16728,9960,768703.0,2205,6326,8249,9507,10286,10817,10544,11536,12231,12729.0,390536.0,50.8,378167.0,49.2,768703.0,0.48706837559180444,1023579,412202,411666,823868,750.9952822400617,933.0414580976563
27,Nebraska,36984,61003.0,66246,64950,56645,54167,54018,61972,61348,54009,42569,29262,20680,15491,14348,693692.0,0,7085,9572,9439,10888,11771,10718,11879,12829,13806.0,35441,58981.0,63210,62251,54873,52137,52193,61854,60944,55264,43314,30932,23080,18341,17186,690001.0,0,6778,9235,8996,10432,10883,10756,11456,12484,13402.0,72425,119984.0,129456,127201,111518,106304,106211,123826,122292,109273,85883,60194,43760,33832,31534,1383693.0,0,13863,18807,18435,21320,22654,21474,23335,25313,27208.0,693692.0,50.13,690001.0,49.87,1383693.0,0.7264582395964532,1881503,723430,740948,1464378,735.4189708972028,944.9015213285095
28,Nevada,29297,70308.0,77520,83123,81261,86035,85660,86605,80173,71695,64821,46233,29237,16466,9764,918198.0,0,2642,5598,9318,11739,12509,13443,14319,14771,15266.0,27862,67883.0,78362,81644,76347,80042,77837,81340,77739,70989,62745,44091,26813,15261,9290,878245.0,0,2888,5594,8574,10806,11369,12653,13982,14660,15219.0,57159,138191.0,155882,164767,157608,166077,163497,167945,157912,142684,127566,90324,56050,31727,19054,1796443.0,0,5530,11192,17892,22545,23878,26096,28301,29431,30485.0,918198.0,51.11,878245.0,48.89,1796443.0,0.8112514661643421,2839099,1125691,1124292,2249983,632.7510946254428,798.425143656641
29,New Hampshire,24127,44789.0,44940,40950,37570,43892,49937,56480,54199,44899,36294,24735,15762,10772,8137,537483.0,0,3381,5834,7029,7883,8381,7941,8858,9571,10038.0,23478,42841.0,42823,39611,37482,43842,49991,56948,54172,44987,36903,25004,16539,11047,8812,534480.0,0,3519,5768,6781,7410,8042,7812,8558,9046,9383.0,47605,87630.0,87763,80561,75052,87734,99928,113428,108371,89886,73197,49739,32301,21819,16949,1071963.0,0,6900,11602,13810,15293,16423,15753,17416,18617,19421.0,537483.0,50.14,534480.0,49.86,1071963.0,0.82657961578143,1326813,536860,557313,1094173,807.92319641125,979.7015645606316
30,New Jersey,120061,261882.0,251749,241345,239765,258007,281786,307002,286736,235611,191650,132770,90062,63640,57948,3020014.0,0,59,30121,42394,47487,50438,50433,51908,53329,55774.0,116627,257651.0,254340,249683,250758,269176,293834,316843,297158,243674,201968,143342,98447,72528,66591,3132620.0,0,48,29624,41559,45396,48745,49124,51075,52836,55871.0,236688,519533.0,506089,491028,490523,527183,575620,623845,583894,479285,393618,276112,188509,136168,124539,6152634.0,0,107,59745,83953,92883,99183,99557,102983,106165,111645.0,3020014.0,49.08,3132620.0,50.92,6152634.0,0.9077961800355586,8938175,3456345,3707467,7163812,688.354613777421,858.8491713629559
31,New Mexico,14095,58881.0,67758,71934,63594,61873,60508,68412,66289,61060,50164,34614,20792,12740,7464,720178.0,0,135,1296,4728,7936,10393,10942,11934,12532,13080.0,12932,57790.0,65593,67871,61383,61666,62262,71771,71020,64407,51150,35456,21271,12753,7354,724679.0,0,178,1265,4258,7231,9615,10876,11879,12477,12943.0,27027,116671.0,133351,139805,124977,123539,122770,140183,137309,125467,101314,70070,42063,25493,14818,1444857.0,0,313,2561,8986,15167,20008,21818,23813,25009,26023.0,720178.0,49.84,724679.0,50.16,1444857.0,0.7605795505451184,2085572,805542,833067,1638609,692.7869188884392,881.7582473915377
32,New York,161904,435566.0,498976,492727,474586,507645,554301,593123,557785,469964,376400,260688,181045,128131,113496,5806337.0,0,2765,33601,55882,69656,79280,74905,87474,94561,99346.0,145227,385429.0,466872,474009,450929,482227,523076,558965,523790,445370,366692,260298,180466,131326,117185,5511861.0,0,2561,31033,50059,61574,68537,65409,77527,84450,89506.0,307131,820995.0,965848,966736,925515,989872,1077377,1152088,1081575,915334,743092,520986,361511,259457,230681,11318198.0,0,5326,64634,105941,131230,147817,140314,165001,179011,188852.0,5806337.0,51.3,5511861.0,48.7,11318198.0,1.0431718875348026,19746227,7669925,8337367,16007292,573.182816140015,707.0651300669721
33,North Carolina,110352,294666.0,310000,299791,287687,317972,316078,325717,301707,252263,220330,155065,100544,64600,47472,3404244.0,0,4321,18332,39867,47832,52186,54115,58595,63165,66605.0,106582,287061.0,321982,319937,310072,335731,330220,348055,328682,281249,240735,169559,112775,74029,54420,3621089.0,0,4788,18700,37832,45262,49951,52555,56993,62019,65543.0,216934,581727.0,631982,619728,597759,653703,646298,673772,630389,533512,461065,324624,213319,138629,101892,7025333.0,0,9109,37032,77699,93094,102137,106670,115588,125184,132148.0,3404244.0,48.46,3621089.0,51.54,7025333.0,0.907545928690036,9943964,3807288,4102985,7910273,706.492199690184,888.127754882796
34,North Dakota,14518,26350.0,29348,26394,21868,20197,20612,24439,24695,21419,15438,10540,7614,5509,4601,273542.0,1211,2586,3111,3525,4085,4514,5134,5240,5620,5842.0,13837,23335.0,25350,23101,18917,17841,18790,22796,23640,19727,14787,10691,8821,6715,5651,253999.0,1170,2481,2999,3457,3730,3952,4485,4625,5052,5221.0,28355,49685.0,54698,49495,40785,38038,39402,47235,48335,41146,30225,21231,16435,12224,10252,527541.0,2381,5067,6110,6982,7815,8466,9619,9865,10672,11063.0,273542.0,51.85,253999.0,48.15,527541.0,0.6192486251401271,739482,301655,286871,588526,713.3926180758964,896.3767106296069
35,Ohio,175264,315065.0,305628,302854,292269,319083,335351,374090,377446,325282,259154,178888,125423,83415,66065,3835277.0,0,24813,40888,51567,57996,60402,60401,63488,65094,65680.0,172023,322158.0,317447,320462,307324,333234,350045,396255,401422,346703,280846,202737,146548,100414,83012,4080630.0,0,25341,40446,49469,56767,59834,61137,64874,67583,68730.0,347287,637223.0,623075,623316,599593,652317,685396,770345,778868,671985,540000,381625,271971,183829,149077,7915907.0,0,50154,81334,101036,114763,120236,121538,128362,132677,134410.0,3835277.0,48.45,4080630.0,51.55,7915907.0,0.7661631249756821,11594163,4484168,4781062,9265230,682.7493282611259,854.3670259669755
36,Oklahoma,73393,110006.0,103899,100318,86456,85325,83741,96626,96233,86014,74281,55151,39655,25305,18621,1135024.0,0,15093,17862,19975,20463,21097,22200,23062,22107,21540.0,71032,112190.0,114559,114118,100121,101680,100323,118727,117800,104326,88544,66098,47971,32880,26579,1316948.0,0,14814,17752,18824,19642,20626,22027,23412,22797,23328.0,144425,222196.0,218458,214436,186577,187005,184064,215353,214033,190340,162825,121249,87626,58185,45200,2451972.0,0,29907,35614,38799,40105,41723,44227,46474,44904,44868.0,1135024.0,46.29,1316948.0,53.71,2451972.0,0.7013900668645189,3878051,1485698,1542294,3027992,632.26914756923,809.768321712871
37,Oregon,48558,100522.0,114805,124601,119828,115989,113350,118964,123352,121867,104891,72134,46300,28863,22785,1376809.0,2,6372,10682,14646,16856,17950,19045,20377,21157,21993.0,48707,100477.0,117217,126224,118085,112650,111353,121990,130816,129625,108993,74929,48212,31456,27903,1408637.0,3,6754,11027,14561,16362,17580,18867,20306,21629,22095.0,97265,200999.0,232022,250825,237913,228639,224703,240954,254168,251492,213884,147063,94512,60319,50688,2785446.0,5,13126,21709,29207,33218,35530,37912,40683,42786,44088.0,1376809.0,49.43,1408637.0,50.57,2785446.0,0.8250132395644391,3970239,1575847,1634834,3210681,701.581441318772,867.5561352871867
38,Pennsylvania,149633,353659.0,368173,354506,329423,360230,393006,436352,437456,377665,302336,213198,150843,107801,90764,4425045.0,0,6808,33623,49991,59211,63833,68059,71491,74935,75341.0,137917,331929.0,359164,352464,330988,360933,395738,441091,443035,385414,315612,231498,170660,126834,107319,4490596.0,0,6400,31892,45774,53851,58632,63038,67083,71371,71805.0,287550,685588.0,727337,706970,660411,721163,788744,877443,880491,763079,617948,444696,321503,234635,198083,8915641.0,0,13208,65515,95765,113062,122465,131097,138574,146306,147146.0,4425045.0,49.63,4490596.0,50.37,8915641.0,0.858716642725782,12787209,5036386,5370237,10406623,697.2311940783951,856.7275858844891
39,Rhode Island,11524,30162.0,32030,30483,27336,29069,32972,36660,36067,31106,25814,17169,10780,7612,7030,365814.0,0,0,2564,4002,4958,5558,5811,6143,6254,6396.0,11577,30422.0,32465,31061,28695,30413,34967,38662,37851,32411,26136,18541,12060,8873,8389,382523.0,0,2,2743,3934,4898,5424,5872,6249,6292,6585.0,23101,60584.0,64495,61544,56031,59482,67939,75322,73918,63517,51950,35710,22840,16485,15419,748337.0,0,2,5307,7936,9856,10982,11683,12392,12546,12981.0,365814.0,48.88,382523.0,51.12,748337.0,0.8812694457333029,1055173,415839,452736,868575,709.2078739694819,861.5686613130703
40,South Carolina,105057,145474.0,150459,144879,134642,145290,144940,155089,147682,136000,125591,89555,55557,34051,23721,1737987.0,13252,19113,22018,24493,26181,27159,27911,28625,30579,31200.0,103831,149890.0,161828,158491,146117,154623,155120,169000,164641,154622,136542,96261,61040,38907,28635,1879548.0,13770,18921,21708,23953,25479,26816,28504,29924,31877,32769.0,208888,295364.0,312287,303370,280759,299913,300060,324089,312323,290622,262133,185816,116597,72958,52356,3617535.0,27022,38034,43726,48446,51660,53975,56415,58549,62456,63969.0,1737987.0,48.04,1879548.0,51.96,3617535.0,0.9227405192039129,4832482,1859248,2008864,3868112,748.5873718722594,935.2198178336098
41,South Dakota,17657,25210.0,26568,26732,23902,21929,22632,27369,28263,26509,22124,15450,10520,6911,5550,307326.0,0,4061,4234,4671,4691,4834,4717,5015,5307,5337.0,16746,24267.0,25695,25334,22846,21184,21829,27203,28265,26218,21039,15116,11079,8336,7425,302582.0,0,3735,4134,4295,4582,4564,4505,4821,4986,5391.0,34403,49477.0,52263,52066,46748,43113,44461,54572,56528,52727,43163,30566,21599,15247,12975,609908.0,0,7796,8368,8966,9273,9398,9222,9836,10293,10728.0,307326.0,50.39,302582.0,49.61,609908.0,0.6062589275152855,853175,332585,332731,665316,714.8685791308934,916.7192732475996
42,Tennessee,116428,182117.0,179341,179664,174514,196653,197937,208891,198776,176776,151892,108043,71025,43773,30312,2216142.0,0,23397,27518,31572,33941,34951,35148,36493,37929,37596.0,115644,187548.0,194283,194897,187703,206977,208261,225354,217865,193984,163097,118306,82459,55600,45046,2397024.0,0,23710,27418,30955,33561,34618,35618,37888,39323,40101.0,232072,369665.0,373624,374561,362217,403630,406198,434245,416641,370760,314989,226349,153484,99373,75358,4613166.0,0,47107,54936,62527,67502,69569,70766,74381,77252,77697.0,2216142.0,48.04,2397024.0,51.96,4613166.0,0.8628817454985118,6549352,2516442,2707249,5223691,704.3698368937874,883.1238294914457
43,Texas,338567,718269.0,712891,707081,666537,698447,690235,735577,690250,574984,459208,312917,202739,128934,77701,7714337.0,0,38902,70039,101405,128221,136743,142655,146507,149044,143320.0,310482,691781.0,740849,743765,702702,729424,701480,751315,705613,597547,474343,328394,221091,142087,93523,7934396.0,0,37519,66089,91536,115338,126298,133964,140939,146298,144282.0,649049,1410050.0,1453740,1450846,1369239,1427871,1391715,1486892,1395863,1172531,933551,641311,423830,271021,171224,15648733.0,0,76421,136128,192941,243559,263041,276619,287446,295342,287602.0,7714337.0,49.3,7934396.0,50.7,15648733.0,0.7688669177683072,26956958,10146764,10463418,20610182,580.508119647625,759.27194626423
44,Utah,40114,71260.0,76882,77627,75341,59549,53627,54072,53149,46089,37851,27108,18685,13366,11865,716585.0,0,262,10541,14187,15124,16270,11287,13394,15589,14720.0,40764,69532.0,73553,75772,73199,57679,52046,54243,53910,47179,36363,28482,20006,14250,12140,709118.0,0,261,10785,14496,15222,15450,8750,13297,15701,16334.0,80878,140792.0,150435,153399,148540,117228,105673,108315,107059,93268,74214,55590,38691,27616,24005,1425703.0,0,523,21326,28683,30346,31720,20037,26691,31290,31054.0,716585.0,50.26,709118.0,49.74,1425703.0,0.6712722269881284,2942902,1063538,1068310,2131848,484.45480005790205,668.7639081210293
45,Vermont,9766,20425.0,23578,23318,20573,21036,22497,25866,26554,23662,19397,13454,8648,5985,7036,271795.0,0,1265,2310,2904,3287,3531,3693,4167,4434,4600.0,9571,19384.0,22862,23076,20136,20676,22969,26681,26691,24065,19489,13488,9101,6985,8343,273517.0,0,1348,2308,2709,3206,3319,3564,3949,4267,4285.0,19337,39809.0,46440,46394,40709,41712,45466,52547,53245,47727,38886,26942,17749,12970,15379,545312.0,0,2613,4618,5613,6493,6850,7257,8116,8701,8885.0,271795.0,49.84,273517.0,50.16,545312.0,0.9034402206777723,626562,254132,266280,520412,870.3240860441584,1047.8467060713435
46,Virginia,107987,222917.0,241958,245126,232130,253233,263733,286610,264784,222044,181736,123764,79648,49227,34883,2809780.0,0,9317,26121,33126,39423,39595,42954,44505,46983,48880.0,109372,230664.0,259763,262243,244917,261165,272218,293621,274800,232862,191409,132989,88722,58195,46343,2959283.0,0,10093,26792,33324,39163,40050,43608,45992,49124,51890.0,217359,453581.0,501721,507369,477047,514398,535951,580231,539584,454906,373145,256753,168370,107422,81226,5769063.0,0,19410,52913,66450,78586,79645,86562,90497,96107,100770.0,2809780.0,48.7,2959283.0,51.3,5769063.0,0.8215498912729257,8326289,3247094,3418338,6665432,692.8732596238252,865.5197442566364
47,Washington,103273,223988.0,264237,284991,260997,254826,242804,255186,244773,214939,174910,116569,72509,44238,32508,2790748.0,0,14494,22699,30080,36000,39629,41387,45385,47051,50536.0,101071,207624.0,239698,253084,231712,228690,222715,240950,236808,212484,170911,112707,71200,45348,35389,2610391.0,0,15274,23204,28768,33825,37134,38227,41741,43892,46630.0,204344,431612.0,503935,538075,492709,483516,465519,496136,481581,427423,345821,229276,143709,89586,67897,5401139.0,0,29768,45903,58848,69825,76763,79614,87126,90943,97166.0,2790748.0,51.67,2610391.0,48.33,5401139.0,0.8540131974136447,7061530,2802234,2836195,5638429,764.8680951578483,957.9155825142074
48,West Virginia,27990,34152.589700000004,38262,39021,41739,47022,47678,51894,57043,56931,50985,35437,25068,16013,12811,582046.5897,0,8291,5846,6695,7158,6524,6762,7007,7031,6828.589700000002,28050,32899.1561,39269,41785,44650,48515,49057,55740,60284,57786,48903,33647,23887,15475,9913,589860.1561,0,9118,5730,6452,6750,6365,6708,6894,6813,6119.1561,56040,67051.7458,77531,80806,86389,95537,96735,107634,117327,114717,99888,69084,48955,31488,22724,1171906.7458000001,0,17409,11576,13147,13908,12889,13470,13901,13844,12947.745800000002,582046.5897,49.67,589860.1561,50.33,1171906.7458000001,0.7761819972381089,1850326,741935,771897,1513832,633.3514990331435,774.1326288518145
49,Wisconsin,95403,164716.0,173691,175892,158187,165863,183820,209474,197036,169019,130223,95290,69544,52542,55538,2096238.0,0,17026,23829,26800,27748,29987,31318,33172,34965,35274.0,97141,170566.0,177944,180616,163889,169856,186161,209058,199166,170906,129274,89709,63509,44313,39848,2091956.0,0,16747,24198,27574,28622,31038,32775,34513,35918,36322.0,192544,335282.0,351635,356508,322076,335719,369981,418532,396202,339925,259497,184999,133053,96855,95386,4188194.0,0,33773,48027,54374,56370,61025,64093,67685,70883,71596.0,2096238.0,50.05,2091956.0,49.95,4188194.0,0.7967631000867306,5757564,2271230,2336067,4607297,727.4246538987669,909.03495042755
50,Wyoming,11158,17778.0,19741,19979,17319,16542,15788,18757,21048,19284,15245,10248,6901,4315,3378,217481.0,0,2205,2602,3101,3250,3379,3190,3567,3743,3899.0,10557,16715.0,18496,18501,16277,15290,14884,18768,20297,18183,13940,9896,6731,4495,3476,206506.0,0,2022,2483,2993,3059,3177,2956,3299,3468,3815.0,21715,34493.0,38237,38480,33596,31832,30672,37525,41345,37467,29185,20144,13632,8810,6854,423987.0,0,4227,5085,6094,6309,6556,6146,6866,7211,7714.0,217481.0,51.29,206506.0,48.71,423987.0,0.5200034206769059,584153,235007,225992,460999,725.8149834033208,919.7134917863162
51,Total,4336080,8918104.5897,9323670,9232528,8665981,9113887,9420844,10197935,9730998,8383497,6868259,4778162,3196694,2093736,1647308,105907683.5897,31338,509455,951106,1303928,1540253,1651997,1708785,1794102,1855994,1907226.5897,4155312,8661060.1561,9386253,9418397,8846326,9237181,9488878,10389348,10019181,8718824,7145950,5039639,3436834,2311665,1929940,108184788.1561,30833,512626,929771,1235966,1446116,1568684,1632631,1741482,1826818,1891445.1561,8491392,17579164.7458,18709923,18650925,17512307,18351068,18909722,20587283,19750179,17102321,14014209,9817801,6633528,4405401,3577248,214092471.7458,62171,1022081,1880877,2539894,2986369,3220681,3341416,3535584,3682812,3798671.7457999997,105907683.5897,49.47,108184788.1561,50.53,214092471.7458,0.8355337635379969,318857056,123622687,130002691,253625378,671.4371462609251,844.128743874361
